{
  "dosing_protocols": {
    "pqt_u_adulto": {
      "population": "Adultos > 50kg",
      "treatment_duration": {
        "hanseníase_paucibacilar": "6 meses",
        "hanseníase_multibacilar": "12 meses"
      },
      "dosing_schedule": {
        "monthly_supervised": {
          "frequency": "1 vez por mês sob supervisão",
          "medications": {
            "rifampicina": {
              "dose": "600mg",
              "presentation": "2 cápsulas de 300mg",
              "administration": "Via oral, dose única mensal"
            },
            "clofazimina": {
              "dose": "300mg", 
              "presentation": "3 cápsulas de 100mg",
              "administration": "Via oral, dose única mensal"
            },
            "dapsona": {
              "dose": "100mg",
              "presentation": "1 comprimido de 100mg", 
              "administration": "Via oral, dose única mensal"
            }
          }
        },
        "daily_self_administered": {
          "frequency": "Diariamente em casa",
          "timing": "À noite, após jantar/deitar",
          "medications": {
            "clofazimina": {
              "dose": "50mg/dia",
              "presentation": "1 cápsula de 50mg",
              "administration": "Via oral, com alimentos"
            },
            "dapsona": {
              "dose": "100mg/dia", 
              "presentation": "1 comprimido de 100mg",
              "administration": "Via oral, com alimentos"
            }
          },
          "important_rule": "NÃO tomar no dia da dose supervisionada"
        }
      },
      "maximum_daily_doses": {
        "rifampicina": "600mg/dia",
        "clofazimina": "300mg/dia", 
        "dapsona": "100mg/dia"
      }
    },

    "pqt_u_30_50kg": {
      "population": "Crianças ou adultos de 30 a 50kg",
      "treatment_duration": {
        "hanseníase_paucibacilar": "6 meses",
        "hanseníase_multibacilar": "12 meses"
      },
      "dosing_schedule": {
        "monthly_supervised": {
          "frequency": "1 vez por mês sob supervisão",
          "medications": {
            "rifampicina": {
              "dose": "450mg",
              "presentation": "1 cápsula 300mg + 1 cápsula 150mg",
              "administration": "Via oral, dose única mensal"
            },
            "clofazimina": {
              "dose": "150mg",
              "presentation": "1 cápsula de 150mg ou equivalente",
              "administration": "Via oral, dose única mensal"
            },
            "dapsona": {
              "dose": "50mg",
              "presentation": "1 comprimido de 50mg",
              "administration": "Via oral, dose única mensal"
            }
          }
        },
        "daily_self_administered": {
          "frequency": "Conforme especificado",
          "timing": "À noite, após jantar/deitar",
          "medications": {
            "clofazimina": {
              "dose": "50mg em dias alternados",
              "presentation": "1 cápsula de 50mg", 
              "administration": "Via oral, dias alternados"
            },
            "dapsona": {
              "dose": "50mg/dia",
              "presentation": "1 comprimido de 50mg",
              "administration": "Via oral, diariamente"
            }
          }
        }
      },
      "maximum_daily_doses": {
        "rifampicina": "600mg/dia",
        "clofazimina": "150mg/dia",
        "dapsona": "100mg/dia"
      }
    },

    "pediatric_under_30kg": {
      "population": "Crianças < 30kg",
      "prescriber_restriction": "Apenas médicos podem prescrever",
      "treatment_duration": {
        "hanseníase_paucibacilar": "6 meses", 
        "hanseníase_multibacilar": "12 meses"
      },
      "dosing_schedule": {
        "monthly_supervised": {
          "frequency": "1 vez por mês sob supervisão",
          "special_note": "Dividir dose mensal em 2-3 tomadas",
          "medications": {
            "rifampicina": {
              "dose": "10mg/kg/dose",
              "calculation": "Peso (kg) × 10mg",
              "administration": "Via oral, dose mensal dividida"
            },
            "clofazimina": {
              "dose": "6mg/kg/dose",
              "calculation": "Peso (kg) × 6mg", 
              "administration": "Via oral, dose mensal dividida"
            },
            "dapsona": {
              "dose": "2mg/kg/dose",
              "calculation": "Peso (kg) × 2mg",
              "administration": "Via oral, dose mensal dividida"
            }
          }
        },
        "daily_self_administered": {
          "frequency": "Diariamente",
          "medications": {
            "clofazimina": {
              "dose": "1mg/kg/dia",
              "calculation": "Peso (kg) × 1mg",
              "administration": "Via oral, diariamente"
            },
            "dapsona": {
              "dose": "2mg/kg/dia",
              "calculation": "Peso (kg) × 2mg",
              "max_dose": "50mg/dia",
              "administration": "Via oral, diariamente"
            }
          }
        }
      }
    }
  },

  "administration_guidelines": {
    "timing": {
      "supervised_dose": "Durante visita mensal à unidade de saúde",
      "self_administered": "À noite, após jantar/deitar (otimiza adesão e reduz desconfortos gastrointestinais)"
    },
    "food_interactions": {
      "with_food": ["clofazimina", "dapsona"],
      "avoid": {
        "suco_laranja": "Diminui absorção de clofazimina",
        "bebidas_acidas": "Diminuem absorção de clofazimina",
        "alcool": "Evitar durante todo o tratamento"
      }
    },
    "missed_dose_protocol": {
      "rule": "Tomar ao lembrar, mas se estiver próximo da próxima dose, pular a esquecida",
      "never": "Nunca dobrar a dose"
    }
  },

  "dispensing_schedule": {
    "frequency": "Mensal",
    "quantity": "Quantidade necessária para 1 mês",
    "prescription_requirement": {
      "format": "Prescrição em duas vias",
      "retention": "Uma via retida na farmácia",
      "patient_copy": "Uma via carimbada com quantidade fornecida"
    },
    "stock_management": {
      "requisition": "Farmácia solicita mensalmente",
      "safety_stock": "Manter estoque extra",
      "logistics": "Núcleo de Logística Farmacêutica coordena"
    }
  },

  "monitoring_schedule": {
    "consultation_frequency": "A cada 28 dias",
    "purposes": [
      "Nova dose supervisionada",
      "Checagem de doses autoadministradas",
      "Exames de acompanhamento",
      "Avaliação dermato-neurológica"
    ],
    "patient_tools": [
      "Caderneta do Paciente com Hanseníase",
      "Práticas de autocuidado (proteção da pele, olhos, mãos, pés, face)"
    ]
  },

  "quality_assurance": {
    "verification_points": [
      "Confirmar nome dos medicamentos",
      "Verificar indicações corretas", 
      "Revisar esquema posológico",
      "Ensinar técnica de administração",
      "Verificar entendimento do paciente"
    ],
    "safety_checks": [
      "Alergias conhecidas",
      "Interações medicamentosas",
      "Contraindicações",
      "Condições especiais (gravidez, amamentação)",
      "Peso para esquema pediátrico"
    ]
  }
}