{
  "knowledge_scope_limitations": {
    "metadata": {
      "version": "1.0",
      "created": "2025-01-27",
      "purpose": "Definir limites claros do conhecimento disponível para evitar informações incorretas",
      "source": "Tese de doutorado - Roteiro de Dispensação Hanseníase PQT-U",
      "scope": "Exclusivamente hanseníase e esquema PQT-U"
    },

    "covered_topics": {
      "primary_scope": {
        "disease": "Hanseníase (Doença de Hansen)",
        "treatment_regimen": "PQT-U (Poliquimioterapia Única)",
        "medications": [
          "Rifampicina",
          "Clofazimina", 
          "Dapsona"
        ],
        "focus": "Dispensação farmacêutica e orientação ao paciente"
      },

      "detailed_coverage": {
        "medicamentos": {
          "rifampicina": {
            "covered": [
              "Mecanismo de ação (inibição RNA polimerase)",
              "Doses para PQT-U (600mg, 450mg, 10mg/kg)",
              "Administração mensal supervisionada",
              "Efeitos adversos (coloração, hepatotoxicidade)",
              "Interações (anticoncepcional, cefazolina)",
              "Contraindicações para hanseníase"
            ],
            "not_covered": [
              "Uso em tuberculose",
              "Outros esquemas posológicos",
              "Resistência em outras micobactérias"
            ]
          },
          "clofazimina": {
            "covered": [
              "Mecanismo (ligação DNA)",
              "Doses PQT-U (300mg, 150mg, 50mg, 6mg/kg, 1mg/kg)",
              "Administração mensal + diária",
              "Hiperpigmentação cutânea",
              "Interação com suco de laranja",
              "Gravidez e amamentação"
            ],
            "not_covered": [
              "Uso em tuberculose resistente",
              "Outros esquemas de dose",
              "Uso em micobactérias atípicas"
            ]
          },
          "dapsona": {
            "covered": [
              "Mecanismo (antagonista PABA)",
              "Doses PQT-U (100mg, 50mg, 2mg/kg)",
              "Administração mensal + diária",
              "Anemia hemolítica e metahemoglobinemia",
              "Deficiência G6PD",
              "Interações com antimaláricos"
            ],
            "not_covered": [
              "Uso em pneumocistose",
              "Uso em dermatite herpetiforme",
              "Profilaxia em HIV"
            ]
          }
        },

        "protocolos_clinicos": {
          "covered": [
            "Esquema PQT-U para todas as populações",
            "Doses supervisionadas mensais",
            "Doses autoadministradas diárias",
            "Duração de 12 meses",
            "Cálculo de doses pediátricas (<30kg)",
            "Prescrição por médico/enfermeiro",
            "Restrições para prescrição pediátrica"
          ],
          "not_covered": [
            "Esquemas alternativos de hanseníase",
            "PQT-MB (Multibacilar)",
            "PQT-PB (Paucibacilar)",
            "Esquemas para resistência",
            "Retratamento"
          ]
        },

        "dispensacao_farmaceutica": {
          "covered": [
            "Etapas do roteiro de dispensação",
            "Verificação de prescrições",
            "Orientações ao paciente",
            "Educação sobre medicamentos",
            "Monitoramento pós-dispensação",
            "Documentação necessária",
            "Coordenação com equipe"
          ],
          "not_covered": [
            "Dispensação de outros medicamentos",
            "Sistemas informatizados específicos",
            "Logística de suprimentos",
            "Aspectos administrativos gerais"
          ]
        },

        "seguranca_farmacologica": {
          "covered": [
            "Eventos adversos específicos do PQT-U",
            "Monitorização laboratorial",
            "Contraindicações absolutas e relativas",
            "Interações medicamentosas relevantes",
            "Populações especiais (gravidez, amamentação, pediatria)",
            "Protocolos de farmácovigilância",
            "Manejo de reações adversas"
          ],
          "not_covered": [
            "Eventos adversos de outros medicamentos",
            "Interações com medicamentos não mencionados",
            "Farmacovigilância geral",
            "Outros sistemas de notificação"
          ]
        }
      }
    },

    "explicitly_not_covered": {
      "clinical_areas": [
        "Diagnóstico de hanseníase",
        "Classificação operacional (PB vs MB)",
        "Avaliação neurológica",
        "Prevenção de incapacidades físicas",
        "Reabilitação",
        "Aspectos cirúrgicos",
        "Estados reacionais",
        "Outras doenças dermatológicas",
        "Tuberculose",
        "Outras micobactérias"
      ],

      "other_treatments": [
        "Esquemas alternativos de hanseníase",
        "Tratamento de reações hansênicas",
        "Corticosteroides",
        "Talidomida",
        "Outros imunomoduladores",
        "Antibióticos para infecções secundárias",
        "Analgésicos",
        "Anti-inflamatórios"
      ],

      "administrative_legal": [
        "Notificação compulsória",
        "Aspectos epidemiológicos",
        "Políticas públicas",
        "Legislação específica",
        "Questões trabalhistas",
        "Benefícios sociais",
        "Aposentadoria por invalidez"
      ],

      "other_populations": [
        "Tratamento em HIV positivos",
        "Insuficiência renal crônica",
        "Hepatopatia grave",
        "Outras comorbidades não mencionadas",
        "Transplantados",
        "Imunossuprimidos"
      ]
    },

    "boundary_detection": {
      "out_of_scope_indicators": [
        "diagnóstico",
        "como saber se tenho",
        "sintomas",
        "exame clínico", 
        "biópsia",
        "baciloscopia",
        "classificação",
        "paucibacilar",
        "multibacilar",
        "reação",
        "neurite",
        "corticoide",
        "prednisona",
        "talidomida",
        "cirurgia",
        "fisioterapia",
        "tuberculose",
        "outras doenças",
        "aposentadoria",
        "auxílio",
        "notificação",
        "trabalho"
      ],

      "borderline_topics": {
        "handle_carefully": [
          {
            "topic": "Efeitos adversos graves",
            "approach": "Orientar procurar atendimento médico imediato",
            "example": "Para síndrome de Stevens-Johnson: orientar hospitalização"
          },
          {
            "topic": "Interações não listadas",
            "approach": "Recomendar consulta com médico/farmacêutico",
            "example": "Para medicamentos não mencionados na tese"
          },
          {
            "topic": "Casos complexos",
            "approach": "Encaminhar para avaliação especializada",
            "example": "Múltiplas comorbidades ou situações atípicas"
          }
        ]
      }
    },

    "response_templates": {
      "gasnelio_limitation_responses": {
        "out_of_scope": "Esta questão está fora do escopo da tese de referência sobre dispensação de PQT-U. Recomendo consultar literatura específica sobre [tópico] ou buscar orientação com especialista.",
        "partial_coverage": "Posso fornecer informações limitadas sobre [tópico] conforme a tese. Para abordagem completa, sugiro consulta médica especializada.",
        "refer_specialist": "Esta situação requer avaliação clínica individual. Recomendo encaminhamento para médico especialista em hanseníase."
      },

      "ga_limitation_responses": {
        "out_of_scope": "Desculpe, mas isso não é sobre os remédios PQT-U que eu conheço. Para essa dúvida, é melhor você conversar com seu médico, tá?",
        "partial_coverage": "Posso te ajudar um pouquinho com isso, mas não sei tudo. O ideal é você perguntar para seu médico para ter certeza.",
        "refer_specialist": "Essa situação é mais complicada e precisa que um médico veja pessoalmente. Procure ajuda médica, ok?"
      }
    },

    "quality_assurance": {
      "accuracy_principles": [
        "Sempre citar limitações quando apropriado",
        "Nunca inventar informações não disponíveis",
        "Ser explícito sobre incertezas",
        "Direcionar para fontes apropriadas quando necessário",
        "Manter coerência com a personalidade da persona"
      ],

      "red_flags": [
        "Perguntas sobre diagnóstico",
        "Solicitação de dosagens não padronizadas",
        "Questões sobre outras doenças",
        "Aspectos legais ou administrativos",
        "Situações de emergência médica"
      ],

      "escalation_triggers": [
        "Eventos adversos graves em curso",
        "Suspeita de intoxicação",
        "Falha terapêutica aparente",
        "Interações medicamentosas complexas",
        "Situações que requerem intervenção médica imediata"
      ]
    },

    "knowledge_confidence_levels": {
      "high_confidence": {
        "topics": [
          "Doses padrão PQT-U",
          "Esquema de administração",
          "Efeitos adversos comuns",
          "Interações documentadas",
          "Etapas de dispensação"
        ],
        "response_style": "Informação direta e clara"
      },

      "medium_confidence": {
        "topics": [
          "Variações populacionais específicas",
          "Manejo de efeitos adversos leves",
          "Orientações de armazenamento",
          "Coordenação com equipe"
        ],
        "response_style": "Informação com caveats apropriados"
      },

      "low_confidence": {
        "topics": [
          "Casos atípicos",
          "Situações não explicitamente abordadas",
          "Extrapolações dos dados disponíveis"
        ],
        "response_style": "Reconhecer limitações e sugerir fontes adicionais"
      }
    }
  }
}