{
  "quick_reference_protocols": {
    "metadata": {
      "version": "1.0",
      "created": "2025-01-27",
      "purpose": "Índice de protocolos para referência rápida no sistema RAG",
      "scope": "Todos os protocolos clínicos da tese de hanseníase PQT-U",
      "usage": "Otimizado para retrieval rápido em consultas específicas"
    },

    "dosing_protocols": {
      "adulto_maior_50kg": {
        "id": "PQTU_ADULT_50KG",
        "population": "Adulto > 50kg",
        "prescriber": ["médico", "enfermeiro"],
        "monthly_supervised": {
          "rifampicina": "600mg (2 cápsulas de 300mg)",
          "clofazimina": "300mg (6 cápsulas de 50mg)",
          "dapsona": "100mg (2 comprimidos de 50mg)"
        },
        "daily_self_administered": {
          "clofazimina": "50mg (1 cápsula)",
          "dapsona": "100mg (2 comprimidos de 50mg)"
        },
        "duration": "12 meses",
        "total_doses": 12,
        "reference": "Tese seção 4.2.1"
      },

      "adulto_30_50kg": {
        "id": "PQTU_ADULT_30_50KG",
        "population": "Adulto ou criança 30-50kg",
        "prescriber": ["médico", "enfermeiro"],
        "monthly_supervised": {
          "rifampicina": "450mg (1 cápsula de 300mg + 1 de 150mg)",
          "clofazimina": "150mg (3 cápsulas de 50mg)",
          "dapsona": "50mg (1 comprimido de 50mg)"
        },
        "daily_self_administered": {
          "clofazimina": "50mg em dias alternados",
          "dapsona": "50mg diário (1 comprimido)"
        },
        "duration": "12 meses",
        "total_doses": 12,
        "reference": "Tese seção 4.2.2"
      },

      "pediatrico_menor_30kg": {
        "id": "PQTU_PEDIATRIC_30KG",
        "population": "Criança < 30kg",
        "prescriber": ["médico"],
        "monthly_supervised": {
          "rifampicina": "10mg/kg",
          "clofazimina": "6mg/kg",
          "dapsona": "2mg/kg"
        },
        "daily_self_administered": {
          "clofazimina": "1mg/kg diário (máx 50mg/dia)",
          "dapsona": "2mg/kg diário (máx 50mg/dia)"
        },
        "duration": "12 meses",
        "total_doses": 12,
        "special_note": "Doses podem ser divididas se necessário",
        "reference": "Tese seção 4.2.3"
      }
    },

    "administration_protocols": {
      "dose_supervisionada": {
        "id": "SUPERVISED_ADMIN",
        "frequency": "Mensal (a cada 28 dias)",
        "location": "Unidade de saúde",
        "procedure": "Administrar na presença do profissional",
        "documentation": "Registrar em prontuário e caderneta",
        "timing": "Preferencialmente pela manhã",
        "with_food": "Administrar após desjejum"
      },
      
      "dose_autoadministrada": {
        "id": "SELF_ADMIN",
        "frequency": "Diária",
        "location": "Domicílio",
        "timing": "À noite, após jantar",
        "restriction": "Não tomar no dia da dose supervisionada",
        "storage": "Local seco, protegido da luz, 15-30°C",
        "adherence_support": "Uso de lembretes, caderneta"
      }
    },

    "dispensing_workflow_protocols": {
      "etapa_1_avaliacao": {
        "id": "DISP_STEP_1",
        "title": "Avaliação Inicial",
        "duration": "5-10 minutos",
        "checklist": [
          "Verificar prescrição em duas vias",
          "Confirmar prescritor habilitado",
          "Para < 30kg: apenas prescrição médica",
          "Avaliar peso do paciente",
          "Verificar estoque e validade",
          "Identificar alergias e contraindicações"
        ],
        "decision_points": {
          "prosseguir": "Prescrição válida + paciente elegível + medicamento disponível",
          "encaminhar_prescritor": "Prescrição inadequada ou contraindicações",
          "solicitar_medicamento": "Estoque insuficiente ou vencido"
        }
      },

      "etapa_2_orientacoes": {
        "id": "DISP_STEP_2", 
        "title": "Orientações e Plano de Cuidado",
        "duration": "15-20 minutos",
        "topics": [
          "Identificação dos medicamentos",
          "Esquema posológico (supervisionada vs autoadministrada)",
          "Efeitos esperados vs preocupantes",
          "Interações e contraindicações",
          "Armazenamento adequado",
          "Importância da adesão"
        ],
        "materials": "Caderneta do Paciente + material educativo"
      },

      "etapa_3_pos_dispensacao": {
        "id": "DISP_STEP_3",
        "title": "Pós-Dispensação e Avaliação",
        "frequency": "Mensal (retornos)",
        "components": [
          "Avaliar adesão (contagem de comprimidos)",
          "Monitorar efeitos adversos",
          "Verificar efetividade clínica",
          "Reforçar orientações",
          "Coordenar com equipe médica"
        ]
      }
    },

    "safety_protocols": {
      "monitorizacao_baseline": {
        "id": "SAFETY_BASELINE",
        "mandatory_exams": [
          "Hemograma completo",
          "Função hepática (ALT, AST, bilirrubinas)",
          "Função renal (creatinina, ureia)",
          "Teste G6PD (se disponível)"
        ],
        "recommended_exams": [
          "ECG (se fatores de risco cardiovascular)",
          "Exame oftalmológico",
          "Avaliação nutricional"
        ]
      },

      "monitorizacao_seguimento": {
        "id": "SAFETY_ONGOING",
        "primeiros_3_meses": {
          "frequency": "Mensal",
          "exams": ["Hemograma completo", "Avaliação clínica dirigida"]
        },
        "apos_3_meses": {
          "frequency": "Trimestral", 
          "exams": ["Hemograma", "Função hepática se indicado"]
        },
        "alert_parameters": {
          "hemoglobina": "< 10 g/dL ou queda > 2 g/dL",
          "plaquetas": "< 100.000/mm³",
          "alt_ast": "> 3x limite superior normal"
        }
      },

      "eventos_adversos_protocolo": {
        "id": "AE_PROTOCOL",
        "classificacao_gravidade": {
          "leve": "Não requer intervenção médica",
          "moderado": "Requer manejo sintomático",
          "grave": "Requer descontinuação ou hospitalização"
        },
        "notificacao_vigimed": {
          "graves_inesperados": "24-48 horas",
          "graves_esperados": "7 dias",
          "nao_graves": "15 dias"
        }
      }
    },

    "contraindication_protocols": {
      "absolutas": {
        "id": "CONTRAIND_ABS",
        "conditions": [
          "Hipersensibilidade conhecida a qualquer componente",
          "Hepatopatia grave ativa",
          "Anemia grave não tratada",
          "Icterícia"
        ]
      },

      "relativas": {
        "id": "CONTRAIND_REL",
        "conditions": [
          "Gravidez (avaliação risco-benefício)",
          "Deficiência G6PD severa",
          "Insuficiência renal grave",
          "Uso de medicamentos com interações graves"
        ]
      }
    },

    "special_populations": {
      "gravidez": {
        "id": "PREGNANCY_PROTOCOL",
        "safety": "PQT-U é segura na gravidez",
        "considerations": [
          "Suplementar vitamina K no terceiro trimestre",
          "Monitorar prematuridade",
          "Pigmentação transitória do RN (clofazimina)",
          "Manter tratamento completo"
        ]
      },

      "amamentacao": {
        "id": "BREASTFEEDING_PROTOCOL", 
        "safety": "Compatível com amamentação",
        "considerations": [
          "Pigmentação temporária do leite (clofazimina)",
          "Monitorar bebê para sinais de hemólise",
          "Não interromper aleitamento"
        ]
      },

      "pediatria": {
        "id": "PEDIATRIC_PROTOCOL",
        "prescriber_restriction": "< 30kg apenas médico",
        "dose_calculation": "Baseado em mg/kg",
        "administration": "Doses podem ser divididas",
        "monitoring": "Hemograma mensal obrigatório"
      }
    },

    "interaction_protocols": {
      "major_interactions": {
        "rifampicina": [
          {
            "drug": "Anticoncepcionais orais",
            "effect": "Reduz eficácia contraceptiva",
            "management": "Métodos de barreira adicionais"
          },
          {
            "drug": "Cefazolina",
            "effect": "Distúrbio grave de coagulação",
            "management": "Monitorar coagulação"
          }
        ],
        "clofazimina": [
          {
            "drug": "Suco de laranja",
            "effect": "Reduz absorção",
            "management": "Evitar administração concomitante"
          }
        ],
        "dapsona": [
          {
            "drug": "Antimaláricos",
            "effect": "Aumenta risco hemólise",
            "management": "Monitorar hemograma"
          }
        ]
      }
    },

    "emergency_protocols": {
      "reacoes_graves": {
        "id": "SEVERE_REACTIONS",
        "stevens_johnson": {
          "recognition": "Eritema extenso + lesões mucosas + febre",
          "action": "Descontinuar imediatamente + hospitalização"
        },
        "hepatotoxicidade": {
          "recognition": "ALT/AST > 3x LSN + icterícia",
          "action": "Interromper medicamento + avaliar função hepática"
        },
        "anemia_hemolitica": {
          "recognition": "Hemoglobina < 8 g/dL + hemólise",
          "action": "Descontinuar dapsona + suporte hematológico"
        }
      },

      "falta_medicamento": {
        "id": "SHORTAGE_PROTOCOL",
        "immediate_actions": [
          "Contatar outras unidades",
          "Solicitação urgente à coordenação",
          "Informar paciente sobre atraso",
          "Garantir continuidade sem interrupção"
        ]
      }
    },

    "quality_indicators": {
      "processo": {
        "prescricao_correta": "> 95%",
        "tempo_dispensacao": "< 30 minutos",
        "orientacoes_completas": "> 90%",
        "documentacao_adequada": "> 95%"
      },
      "resultado": {
        "adesao_tratamento": "> 85%",
        "eventos_adversos": "< 15%",
        "conclusao_tratamento": "> 90%",
        "satisfacao_paciente": "> 80%"
      }
    },

    "quick_search_keys": {
      "dose_adulto": ["adulto", "maior 50kg", "600mg", "rifampicina"],
      "dose_crianca": ["criança", "menor 30kg", "pediátrico", "mg/kg"],
      "efeitos_adversos": ["efeitos", "reações", "adversos", "colaterais"],
      "supervisionada": ["supervisionada", "mensal", "unidade saúde"],
      "autoadministrada": ["autoadministrada", "diária", "casa", "domicílio"],
      "interacoes": ["interação", "medicamentos", "anticoncepcional"],
      "gravidez": ["gravidez", "gestante", "grávida"],
      "dispensacao": ["dispensação", "etapas", "procedimento"],
      "monitorizacao": ["monitoramento", "exames", "hemograma"],
      "contraindicacoes": ["contraindicação", "não pode", "alergia"]
    }
  }
}