{
  "medications": {
    "rifampicina": {
      "drug_class": "Antibiótico antituberculoso",
      "mechanism_of_action": {
        "primary": "Inibe a RNA polimerase bacteriana",
        "detail": "Bloqueia a síntese de RNA bacteriano, impedindo a transcrição do DNA",
        "spectrum": "Bactericida contra Mycobacterium leprae",
        "resistance_prevention": "Sempre deve ser usada em associação para prevenir resistência"
      },
      "pharmacokinetics": {
        "absorption": "Oral, melhor em jejum",
        "metabolism": "Hepático (indutor enzimático)",
        "elimination": "Biliar e renal",
        "half_life": "2-5 horas"
      },
      "clinical_indications": {
        "primary": "Hanseníase (PQT-U)",
        "secondary": [
          "Tuberculose",
          "Meningite bacteriana (profilaxia)",
          "Endocardite infecciosa",
          "Infecções por micobactérias atípicas"
        ]
      },
      "dosing": {
        "hanseniase_adult": "600mg mensal supervisionado",
        "hanseniase_30_50kg": "450mg mensal supervisionado", 
        "hanseniase_pediatric": "10mg/kg mensal supervisionado",
        "max_daily_dose": "600mg/dia"
      },
      "adverse_effects": {
        "common": [
          "Coloração alaranjada da urina, lágrimas, saliva",
          "Dor abdominal",
          "Náusea",
          "Vômito",
          "Diarreia"
        ],
        "serious": [
          "Hepatotoxicidade",
          "Icterícia",
          "Disfunção hepática",
          "Trombocitopenia",
          "Síndrome de Stevens-Johnson",
          "Agranulocitose"
        ]
      },
      "drug_interactions": {
        "major": [
          {
            "drug": "Anticoncepcionais orais",
            "mechanism": "Indução enzimática",
            "effect": "Reduz eficácia contraceptiva",
            "management": "Usar métodos de barreira adicionais"
          },
          {
            "drug": "Cefazolina",
            "mechanism": "Interferência na síntese de vitamina K",
            "effect": "Distúrbio grave de coagulação",
            "management": "Monitorar coagulação"
          },
          {
            "drug": "Nevirapina/Efavirenz",
            "mechanism": "Indução enzimática",
            "effect": "Reduz eficácia dos antirretrovirais",
            "management": "Ajuste de dose necessário"
          }
        ]
      },
      "contraindications": [
        "Hipersensibilidade à rifampicina",
        "Hepatopatia grave",
        "Icterícia"
      ],
      "monitoring": [
        "Função hepática (ALT, AST, bilirrubinas)",
        "Hemograma (plaquetas)",
        "Sinais de hepatotoxicidade"
      ]
    },

    "clofazimina": {
      "drug_class": "Antimicobacteriano",
      "mechanism_of_action": {
        "primary": "Liga-se ao DNA bacteriano",
        "detail": "Inibe o crescimento bacteriano através da ligação ao DNA, interferindo na replicação",
        "spectrum": "Bacteriostático/bactericida contra Mycobacterium leprae",
        "unique_property": "Atividade anti-inflamatória adicional"
      },
      "pharmacokinetics": {
        "absorption": "Oral, melhor com alimentos",
        "distribution": "Acumula em tecidos adiposos e macrófagos",
        "metabolism": "Mínimo",
        "elimination": "Biliar (muito lenta)",
        "half_life": "70 dias (acúmulo tecidual)"
      },
      "clinical_indications": {
        "primary": "Hanseníase (PQT-U)",
        "secondary": [
          "Tuberculose resistente a medicamentos",
          "Infecções por micobactérias atípicas",
          "Infecções por Mycobacterium avium complex"
        ]
      },
      "dosing": {
        "hanseniase_adult_supervised": "300mg mensal",
        "hanseniase_adult_daily": "50mg diário",
        "hanseniase_30_50kg_supervised": "150mg mensal",
        "hanseniase_30_50kg_daily": "50mg em dias alternados",
        "hanseniase_pediatric_supervised": "6mg/kg mensal",
        "hanseniase_pediatric_daily": "1mg/kg diário",
        "max_daily_dose_adult": "300mg/dia",
        "max_daily_dose_pediatric": "150mg/dia"
      },
      "adverse_effects": {
        "characteristic": [
          "Hiperpigmentação da pele (vermelho a castanho escuro)",
          "Coloração de urina, expectoração e suor (rosados)"
        ],
        "dermatologic": [
          "Ictiose",
          "Ressecamento da pele",
          "Fotossensibilidade"
        ],
        "gastrointestinal": [
          "Diarreia",
          "Cólicas abdominais leves",
          "Náusea"
        ],
        "serious": [
          "Obstrução intestinal (uso prolongado)",
          "Prolongamento do intervalo QT",
          "Deposição na córnea"
        ]
      },
      "drug_interactions": {
        "major": [
          {
            "drug": "Suco de laranja/Antiácidos",
            "mechanism": "Redução da absorção",
            "effect": "Diminui biodisponibilidade",
            "management": "Evitar administração concomitante"
          },
          {
            "drug": "Medicamentos que prolongam QT",
            "mechanism": "Efeito aditivo",
            "effect": "Risco de arritmias",
            "management": "Monitorar ECG"
          }
        ]
      },
      "special_considerations": {
        "pigmentation": {
          "onset": "2-4 semanas após início",
          "reversibility": "Reversível após descontinuação (pode levar meses a anos)",
          "patient_counseling": "Informar sobre alteração estética temporária"
        },
        "pregnancy": "Pode causar pigmentação transitória no recém-nascido",
        "storage": "Proteger da luz"
      },
      "contraindications": [
        "Hipersensibilidade à clofazimina",
        "Obstrução intestinal prévia"
      ]
    },

    "dapsona": {
      "drug_class": "Sulfona antimicrobiana",
      "mechanism_of_action": {
        "primary": "Antagonista do ácido para-aminobenzóico (PABA)",
        "detail": "Interfere na síntese do ácido fólico bacteriano, inibindo a síntese de DNA",
        "spectrum": "Bacteriostático contra Mycobacterium leprae",
        "cross_resistance": "Pode haver resistência cruzada com sulfonamidas"
      },
      "pharmacokinetics": {
        "absorption": "Oral, bem absorvida",
        "metabolism": "Hepático (acetilação)",
        "elimination": "Renal",
        "half_life": "20-30 horas"
      },
      "clinical_indications": {
        "primary": "Hanseníase (PQT-U)",
        "secondary": [
          "Pneumonia por Pneumocystis jirovecii",
          "Dermatite herpetiforme",
          "Acne severa",
          "Profilaxia de infecções oportunistas em HIV"
        ]
      },
      "dosing": {
        "hanseniase_adult_supervised": "100mg mensal",
        "hanseniase_adult_daily": "100mg diário",
        "hanseniase_30_50kg_supervised": "50mg mensal",
        "hanseniase_30_50kg_daily": "50mg diário",
        "hanseniase_pediatric_supervised": "2mg/kg mensal",
        "hanseniase_pediatric_daily": "2mg/kg diário (máx 50mg/dia)",
        "max_daily_dose": "100mg/dia"
      },
      "adverse_effects": {
        "hematologic": [
          "Anemia hemolítica",
          "Metahemoglobinemia",
          "Agranulocitose (raro)"
        ],
        "dermatologic": [
          "Dermatose bolhosa",
          "Eritema multiforme",
          "Eritema nodoso",
          "Síndrome de Stevens-Johnson (raro)"
        ],
        "hepatic": [
          "Hepatite tóxica",
          "Icterícia colestática"
        ],
        "neurologic": [
          "Neuropatia periférica (doses altas)",
          "Cefaleia"
        ]
      },
      "drug_interactions": {
        "major": [
          {
            "drug": "Antimaláricos (cloroquina, primaquina)",
            "mechanism": "Efeito sinérgico na hemólise",
            "effect": "Aumenta risco de anemia hemolítica",
            "management": "Monitorar hemograma"
          },
          {
            "drug": "Trimetoprima",
            "mechanism": "Sinergismo antifolato",
            "effect": "Aumenta risco de anemia megaloblástica",
            "management": "Suplementar ácido fólico"
          }
        ]
      },
      "risk_factors_hemolysis": [
        "Deficiência de G6PD",
        "Anemia pré-existente",
        "Uso concomitante de outros oxidantes"
      ],
      "contraindications": [
        "Hipersensibilidade a sulfonas",
        "Anemia grave",
        "Deficiência severa de G6PD"
      ],
      "monitoring": [
        "Hemograma completo",
        "Função hepática",
        "Sinais de hemólise",
        "Níveis de metahemoglobina (se indicado)"
      ]
    }
  },

  "combination_rationale": {
    "pqt_u_triple_therapy": {
      "principle": "Prevenção de resistência e otimização da eficácia",
      "synergism": {
        "rifampicina": "Rapidamente bactericida, reduz carga bacilar",
        "clofazimina": "Bactericida lento, atividade anti-inflamatória",
        "dapsona": "Bacteriostático, mantém pressão seletiva"
      },
      "resistance_prevention": "Três mecanismos diferentes reduzem chance de resistência",
      "treatment_duration_rationale": {
        "paucibacilar": "6 meses suficientes para baixa carga bacilar",
        "multibacilar": "12 meses necessários para alta carga bacilar"
      }
    }
  },

  "therapeutic_monitoring": {
    "efficacy_markers": [
      "Melhora clínica das lesões",
      "Redução da positividade bacilar",
      "Ausência de novas lesões",
      "Melhora da função nervosa"
    ],
    "safety_monitoring": [
      "Hemograma completo (mensalmente nos primeiros 3 meses)",
      "Função hepática (basal e se sintomas)",
      "Função renal (basal)",
      "ECG (se fatores de risco para prolongamento QT)"
    ],
    "patient_education_priorities": [
      "Adesão ao tratamento completo",
      "Reconhecimento de efeitos adversos",
      "Importância do seguimento regular",
      "Prevenção de incapacidades"
    ]
  }
}