{
  "dispensing_workflow": {
    "etapa_01_avaliacao_inicial": {
      "title": "Avaliação Inicial",
      "sequence": 1,
      "duration": "5-10 minutos",
      "responsible": "Farmacêutico",
      "objectives": [
        "Verificar prescrição e documentação",
        "Avaliar elegibilidade do paciente", 
        "Confirmar disponibilidade do medicamento",
        "Identificar necessidades especiais"
      ],
      "activities": {
        "prescription_verification": {
          "title": "Verificação da Prescrição",
          "checklist": [
            "Prescrição em duas vias",
            "Prescritor habilitado (médico ou enfermeiro)",
            "Para < 30kg: apenas prescrição médica",
            "Data da prescrição válida",
            "Esquema posológico correto",
            "Legibilidade da prescrição"
          ]
        },
        "patient_assessment": {
          "title": "Avaliação do Paciente",
          "checklist": [
            "Confirmar identidade do paciente",
            "Verificar peso (especialmente < 30kg)",
            "Histórico de alergias",
            "Medicamentos em uso",
            "Condições especiais (gravidez, amamentação)",
            "Primeira dispensação ou continuidade"
          ]
        },
        "medication_availability": {
          "title": "Disponibilidade do Medicamento",
          "checklist": [
            "Verificar estoque de PQT-U",
            "Conferir validade dos medicamentos",
            "Confirmar apresentação correta (adulto/infantil)",
            "Quantidade suficiente para 1 mês",
            "Condições de armazenamento adequadas"
          ]
        },
        "documentation": {
          "title": "Documentação",
          "requirements": [
            "Reter uma via da prescrição",
            "Carimbar via do paciente com quantidade fornecida",
            "Registrar em livro de controle",
            "Anotar na Caderneta do Paciente"
          ]
        }
      },
      "decision_points": {
        "continue_dispensing": [
          "Prescrição válida e completa",
          "Paciente elegível",
          "Medicamento disponível",
          "Não há contraindicações aparentes"
        ],
        "refer_prescriber": [
          "Prescrição inadequada",
          "Paciente < 30kg sem prescrição médica",
          "Contraindicações identificadas",
          "Necessidade de ajuste de dose"
        ],
        "medication_request": [
          "Estoque insuficiente",
          "Medicamento vencido",
          "Problemas de qualidade"
        ]
      }
    },

    "etapa_02_orientacoes_cuidado": {
      "title": "Orientações e Plano de Cuidado",
      "sequence": 2,
      "duration": "15-20 minutos",
      "responsible": "Farmacêutico",
      "objectives": [
        "Educar sobre o tratamento",
        "Estabelecer plano de cuidado",
        "Orientar sobre administração",
        "Prevenir problemas relacionados a medicamentos"
      ],
      "activities": {
        "medication_education": {
          "title": "Educação sobre Medicamentos",
          "content": {
            "identification": [
              "Nome de cada medicamento",
              "Apresentação e aparência",
              "Diferença entre dose supervisionada e autoadministrada"
            ],
            "mechanism": [
              "Como os medicamentos funcionam",
              "Por que são usados em combinação",
              "Importância de completar o tratamento"
            ],
            "administration": [
              "Horários corretos (supervisionada vs autoadministrada)",
              "Administração com alimentos",
              "Não tomar autoadministrada no dia da supervisionada"
            ]
          }
        },
        "dosing_schedule": {
          "title": "Esquema Posológico",
          "components": {
            "monthly_supervised": {
              "frequency": "1 vez por mês na unidade de saúde",
              "purpose": "Garantir adesão e monitoramento",
              "procedure": "Tomar na presença do profissional de saúde"
            },
            "daily_self_administered": {
              "frequency": "Diariamente em casa",
              "timing": "À noite, após jantar",
              "rationale": "Otimizar adesão e reduzir desconfortos GI"
            }
          }
        },
        "safety_counseling": {
          "title": "Orientações de Segurança",
          "topics": {
            "contraindications": [
              "Alergias conhecidas",
              "Interações medicamentosas",
              "Restrições alimentares (suco de laranja)",
              "Álcool durante tratamento"
            ],
            "adverse_effects": [
              "Efeitos esperados (coloração da urina, pele)",
              "Efeitos que requerem atenção médica",
              "Quando procurar ajuda imediatamente"
            ],
            "special_populations": [
              "Orientações para gestantes",
              "Cuidados durante amamentação",
              "Considerações pediátricas",
              "Precauções em idosos"
            ]
          }
        },
        "storage_disposal": {
          "title": "Armazenamento e Descarte",
          "guidelines": {
            "storage": [
              "Local seco e protegido da luz",
              "Temperatura de 15-30°C",
              "Longe do alcance de crianças",
              "Na embalagem original"
            ],
            "disposal": [
              "Não descartar no lixo comum",
              "Retornar medicamentos vencidos à UBS",
              "Alternativa: entrega em drogarias"
            ]
          }
        }
      }
    },

    "etapa_03_pos_dispensacao": {
      "title": "Pós-Dispensação e Avaliação",
      "sequence": 3,
      "duration": "Contínuo/mensal",
      "responsible": "Farmacêutico + Equipe multidisciplinar",
      "objectives": [
        "Monitorar adesão ao tratamento",
        "Detectar e gerenciar problemas",
        "Avaliar efetividade e segurança",
        "Dar suporte contínuo ao paciente"
      ],
      "activities": {
        "monthly_follow_up": {
          "title": "Acompanhamento Mensal",
          "schedule": "A cada 28 dias",
          "components": {
            "adherence_assessment": [
              "Perguntar sobre última dose autoadministrada",
              "Contar comprimidos restantes",
              "Avaliar dificuldades na administração",
              "Identificar barreiras à adesão"
            ],
            "safety_monitoring": [
              "Questionar sobre efeitos adversos",
              "Exame físico dirigido",
              "Avaliação dermato-neurológica",
              "Verificar exames laboratoriais se indicados"
            ],
            "effectiveness_evaluation": [
              "Evolução das lesões cutâneas",
              "Melhora dos sintomas neurológicos",
              "Avaliação da qualidade de vida",
              "Prevenção de incapacidades"
            ]
          }
        },
        "problem_resolution": {
          "title": "Resolução de Problemas",
          "approach": {
            "adverse_effects": [
              "Classificar gravidade",
              "Determinar causalidade",
              "Implementar medidas de manejo",
              "Comunicar ao prescritor se necessário"
            ],
            "non_adherence": [
              "Identificar causas",
              "Desenvolver estratégias personalizadas",
              "Educação reforçada",
              "Envolvimento de familiares/cuidadores"
            ],
            "drug_interactions": [
              "Revisar medicações concomitantes",
              "Avaliar significância clínica",
              "Propor alternativas quando possível",
              "Monitoramento intensificado"
            ]
          }
        },
        "patient_empowerment": {
          "title": "Empoderamento do Paciente",
          "strategies": [
            "Uso da Caderneta do Paciente com Hanseníase",
            "Ensino de práticas de autocuidado",
            "Proteção de extremidades e órgãos dos sentidos",
            "Estímulo à atividade física regular",
            "Participação em grupos de apoio"
          ]
        },
        "care_coordination": {
          "title": "Coordenação do Cuidado",
          "interfaces": {
            "medical_team": [
              "Comunicação sobre evolução clínica",
              "Relatório de adesão e efeitos adversos",
              "Solicitação de ajustes quando necessário"
            ],
            "nursing_team": [
              "Coordenação de doses supervisionadas",
              "Educação em saúde complementar",
              "Monitoramento de sinais vitais"
            ],
            "social_services": [
              "Apoio psicossocial",
              "Combate ao estigma",
              "Suporte para questões socioeconômicas"
            ]
          }
        }
      }
    }
  },

  "quality_indicators": {
    "process_indicators": {
      "prescription_accuracy": "% de prescrições corretas",
      "dispensing_time": "Tempo médio de dispensação",
      "counseling_completion": "% de orientações completas realizadas",
      "documentation_compliance": "% de registros adequados"
    },
    "outcome_indicators": {
      "treatment_adherence": "% de pacientes aderentes",
      "adverse_event_rate": "Taxa de eventos adversos",
      "treatment_completion": "% de tratamentos completados",
      "patient_satisfaction": "Índice de satisfação do paciente"
    },
    "safety_indicators": {
      "medication_errors": "Taxa de erros de medicação",
      "drug_interactions": "% de interações identificadas",
      "contraindications_avoided": "% de contraindicações evitadas",
      "adverse_events_managed": "% de eventos adversos adequadamente manejados"
    }
  },

  "workflow_optimization": {
    "efficiency_measures": [
      "Pré-separação de medicamentos",
      "Uso de check-lists padronizados",
      "Materiais educativos impressos",
      "Sistema de agendamento otimizado"
    ],
    "technology_integration": [
      "Sistema informatizado de dispensação",
      "Alertas automáticos para interações",
      "Lembretes de seguimento",
      "Registro eletrônico de orientações"
    ],
    "staff_training": [
      "Capacitação em hanseníase",
      "Técnicas de comunicação",
      "Farmacologia clínica",
      "Cuidado centrado no paciente"
    ]
  },

  "emergency_protocols": {
    "severe_adverse_reactions": {
      "recognition": "Sinais e sintomas de reações graves",
      "immediate_actions": "Primeiros socorros e estabilização",
      "referral": "Encaminhamento para serviço de emergência",
      "documentation": "Registro detalhado do evento"
    },
    "medication_shortage": {
      "alternative_sources": "Contato com outras unidades",
      "emergency_supply": "Solicitação urgente à coordenação",
      "patient_communication": "Informação clara sobre atrasos",
      "continuity_planning": "Estratégias para não interromper tratamento"
    }
  }
}